Name,X,Y,Z,Base_X,Base_Y,Base_Z,Roll,Pitch,Yaw
Juice,1.866091,-0.103663,0.8625,1.2,0,0,0,0,0
Bread,0.36354,-1.94089,0.853753,0.4,-1.45,0,0,0,-1.57
Milk,0.952506,1.83323,0.8625,1,1.2,0,0,0,1.57
Cheese,-0.179853,-1.91157,0.71049,-0.6,-1.45,0,0,0,-1.57
